AI-based fraud protection	protection	none
compromise	social engineering	none
SOC	network forensics	none
millions	• Hundreds	none
parameters	rule-based engines	none
log server	Reporting	none
seconds	attachments	none
AI-based fraud protection	URL reputation	none
industry	threat intelligence feeds	none
web	networks	none
organizations	power	none
agility	policy configuration	none
need	network segment	none
• Build confidence	insights	none
SIEM	broad integration ecosystem	none
combination	evasion-resistant threat emulation	none
emails	files	none
Reporting	integrate Logging	none
PC	documents	none
Click-Time Protection	URL	none
rich	threats	none
• Advanced Email Protections –	%	none
malware	network	none
multiple attack vectors	web	none
Check Point ’	efficient security management	none
• Build confidence	prevention-first strategy	none
text	sender	none
pre-emptive user protections	threat extraction	none
configure policies	network segment	none
systems—for	only line	none
organizations	prevention-first strategy	none
real time	compliance stance	none
Compliance	Reporting	none
data center	guest network	none
zero-day protection	world ’ s	none
BEC	compromise	none
pre-emptive user protections	technologies	none
SIEM	SandBlast Network offers	none
• Build confidence	transparency	none
security decisions	Point ThreatCloud	none
advanced forensics	• Accelerate investigation	none
web downloads	administration overhead	none
guest network	perimeter	none
email	Sandblast Network	none
SandBlast Threat	emulation	none
new	undiscovered cyber attacks	none
emulation	flow	none
URL	links	none
rule-based engines	millions	none
SandBlast Network	business productivity	none
exhaustive AI engines	SandBlast Network	none
actionable intelligence	SandBlast Network offers	none
breakthrough AI engines	emails	none
web	Maintaining uninterrupted business	none
anti-virus	file signatures	none
Thanks	Sandblast Network	none
policy changes	real time	none
protected assets	millions	none
email	user activity	none
pre-emptive user protections	vast network	none
Extraction cleans	administration overhead	none
HVAC	elevators	none
actionable configuration guidelines	compliance stance	none
MITRE	malware	none
• Hundreds	cloud	none
need	e.g	none
OS-level inspection	resistant	none
Network settings	business need	none
SandBlast Threat	background	none
zero-day phishing	network	none
emails	%	none
perimeter	network segment	none
optimal network performance	relevant	none
features	practice policies	none
• Enforce private threat intelligence	SandBlast Network	none
data science	rich	none
such critical limitations	zero-day threats	none
file signatures	other core security solutions	none
Extraction	unacceptable delays	none
actionable intelligence	SIEM	none
thanks	auto-updated threat prevention engines	none
Extraction cleans	seconds	none
advanced forensics	time-to-remediation	none
malware catch rate	world ’ s	none
email	Maintaining uninterrupted business	none
practice profiles	SandBlast Network	none
email attachments	mailbox	none
cameras	elevators	none
• Compliance – Easy-to-use	full visibility	none
threat extraction	pre-emptively sanitizes email	none
devastating attacks	SandBlast Network	none
multiple innovative technologies	rules-based engines	none
unacceptable delays	traditional	none
Click-Time Protection	clicks	none
SandBlast Network	threats	none
SandBlast Network	parameters	none
users current email	users	none
AI-based	Natural Language Processing	none
email	email messages	none
out-of-the-box	SandBlast Network	none
organizations	cost-effective zero-day protection strategy	none
power	SandBlast Network	none
files	CPU-level emulation	none
malware strains	wild	none
infrastructure	security teams	none
true prevention-first strategy	users current email	none
policies	specific network segment	none
background	flow	none
proprietary	numerous innovative	none
MITRE	network	none
powerful zero-day protection	networks	none
AI-generated verdict	wild	none
Check Point SandBlast Network	world ’ s	none
transparency	insights	none
AI-based	Threat Emulation	none
business email	phishing	none
PC	executables	none
need	perimeter	none
malware families	malware	none
executables	file types	none
SandBlast Threat	malicious content	none
internal	network segment	none
sender	recipient details	none
data center	perimeter	none
zero-day phishing	Gain visibility	none
• Advanced Email Protections –	emails	none
cameras	servers	none
record speed	world ’ s	none
• SandBlast Threat Extraction	clean	none
AV solutions	wild	none
SandBlast Network	proprietary	none
PC	threats	none
such	servers	none
web downloads	industry	none
BEC	other email-based threats	none
detection-first strategy	expensive	none
enterprise IoT	elevators	none
single click setup4	SandBlast Network	none
guest network	e.g	none
default	techniques	none
clicks	links	none
parameters	runtime	none
risk	threats	none
practice profiles	security policies thanks	none
executables	Mac devices	none
Extraction cleans	web downloads	none
fact	malware strains	none
forensic reports SIEM platform	forensic reports	none
apprise	real time	none
defense	only line	none
social engineering attacks	zero-day malware	none
half	wild	none
email	industry	none
policy updates	background	none
email	aspects	none
Extraction	s	none
end	parameters	none
regulatory mandates	full visibility	none
bandwidth	organizations	none
power	threats	none
data center	internal	none
enterprise	efficient security management	none
compromise	indicators	none
policy changes	compliance stance	none
exhaustive AI engines	rich	none
network forensics	SandBlast Network offers	none
integrate Logging	• Logging	none
rich	SandBlast Network	none
web downloads	pre-emptively sanitizes email	none
web downloads	s	none
AI-based	NLP	none
parameters	email	none
files	SandBlast Network performs	none
view logs	• Logging	none
malware families	MITRE	none
cameras	enterprise IoT	none
worldwide breaches3	phishing	none
policies	optimal network performance	none
policy changes	apprise	none
URL	clicks	none
broad range	file types	none
fact	AV solutions	none
SOC	SIEM	none
emulation	background	none
R80 console	gold standard	none
advantages	• Endpoint security	none
network etc	effective security	none
logs	forensic reports	none
benign	determine	none
bandwidth	cost-effective zero-day protection strategy	none
malware catch rate	record speed	none
malicious content	users	none
rule-based engines	single conclusive	none
parameters	millions	none
OS-level inspection	nation states	none
half	AV solutions	none
revolutionary AI	up-to-the-moment threat intelligence	none
AV solutions	malware strains	none
compromise	other email-based threats	none
gold standard	enterprise	none
devastating attacks	unknown	none
anti-virus	other core security solutions	none
Check Point SandBlast Network	zero-day protection	none
file signatures	firewalls	none
AI-generated verdict	threats	none
malicious	determine	none
broad range	threats	none
network etc	business need	none
data center	configure policies	none
malware	zero-day phishing	none
malicious	network	none
regulatory mandates	broad array	none
Sandblast Network	user activity	none
threats	Threat Extraction	none
single conclusive	runtime	none
social engineering	other email-based threats	none
power	rich	none
data science	threats	none
true prevention-first strategy	browsing workflows	none
SandBlast Network	unknown	none
Thanks	AI-generated Threat Emulation verdicts	none
email	web downloads	none
browsing workflows	users	none
aspects	email messages	none
Network settings	effective security	none
evasion-resistant threat emulation	revolutionary AI engines	none
PC	broad range	none
business productivity	policy configuration	none
sender	email links	none
SandBlast Threat	flow	none
• Compliance – Easy-to-use	practices	none
other core security solutions	firewalls	none
actionable configuration guidelines	apprise	none
power	cost-effective zero-day protection strategy	none
single conclusive	millions	none
multiple attack vectors	networks	none
Extraction	industry	none
sandboxes	blocks	none
web	users	none
email attachments	users	none
apprise	compliance stance	none
logs	forensic reports SIEM platform	none
• Compliance – Easy-to-use	broad array	none
malware	Gain visibility	none
optimal network performance	specific network segment	none
documents	file types	none
power	data science	none
log server	view logs	none
log server	integrate Logging	none
log server	Reporting – Generate audit-ready reports	none
CPU-level emulation	SandBlast Network performs	none
web downloads	attachments	none
organizations	cyberattacks	none
out-of-the-box	security policies thanks	none
zero-day protection	enterprise users	none
features	organizations	none
Mac devices	threats	none
• Accelerate investigation	time-to-remediation	none
examines suspicious files	emails	none
threat intelligence exists	CPU-level emulation	none
ThreatCloud	SandBlast Network ’ s zero day protection	none
web downloads	threat extraction	none
attack data	SandBlast Network ’ s zero day protection	none
need	internal	none
ransomware	social engineering	none
apprise	instant alerts	none
effective security	business need	none
network	zero-day threats	none
imperative	SandBlast Network	none
documents	Mac devices	none
prevention-first strategy	insights	none
need	guest network	none
kicks	damage	none
web	email	none
gold standard	Check Point ’	none
Click-Time Protection	links	none
ThreatCloud	attack data	none
malicious files	reconstructed versions	none
thanks	features	none
out-of-the-box	single click setup4	none
servers	enterprise IoT	none
need	configure policies	none
technology	background	none
email	Extraction	none
thanks	practice policies	none
R80 console	Check Point ’	none
need	technology	none
attachments	administration overhead	none
PC	file types	none
HVAC	servers	none
Mac devices	broad range	none
network	techniques	none
true prevention-first strategy	users	none
only zero-day protection solution	business productivity	none
organizations	zero-day threats	none
day	undiscovered cyber attacks	none
agility	business productivity	none
guest network	configure policies	none
attack data	safe browsing	none
users current email	browsing workflows	none
malware families	network	none
nation states	resistant	none
fact	wild	none
business email	worldwide breaches3	none
network etc	Network settings	none
exhaustive AI engines	threats	none
practice profiles	single click setup4	none
AI heuristics	AI-generated verdict	none
• Quickly integrate logs	forensic reports	none
SandBlast Threat	users	none
email	users	none
end	SandBlast Network	none
emails	CPU-level emulation	none
enterprise	Check Point ’	none
NLP	Threat Emulation	none
e.g	configure policies	none
advantages	datacenters	none
integrate Logging	view logs	none
such	elevators	none
need	policy updates	none
bandwidth	power	none
AI heuristics	wild	none
documents	threats	none
text	recipient details	none
threats	file types	none
systems—for	defense	none
multiple attack vectors	powerful zero-day protection	none
network forensics	SIEM	none
threat intelligence exists	SandBlast Network performs	none
R80 console	efficient security management	none
SandBlast Network	users	none
e.g	network segment	none
• Conventional sandboxing solutions	susceptible	none
OS-level inspection	evasive attacks	none
single click setup4	security policies thanks	none
practice profiles	out-of-the-box	none
web downloads	Extraction	none
IOCs	indicators	none
internal	perimeter	none
need	background	none
Reporting – Generate audit-ready reports	• Logging	none
full visibility	broad array	none
zero-day phishing	social engineering attacks	none
organizations	auto-updated threat prevention engines	none
email	s	none
broad integration ecosystem	export SIEM	none
actionable configuration guidelines	instant alerts	none
SandBlast Network	security policies thanks	none
SandBlast Network	email	none
threat intelligence exists	files	none
true prevention-first strategy	SandBlast Threat	none
such	enterprise IoT	none
protected assets	cloud	none
guest network	internal	none
policies	relevant	none
transparency	prevention-first strategy	none
Reporting	view logs	none
guest network	network segment	none
ATT	CK techniques	none
SOC	SandBlast Network offers	none
• Quickly integrate logs	forensic reports SIEM platform	none
HVAC	such	none
Extraction cleans	attachments	none
web	powerful zero-day protection	none
policy changes	instant alerts	none
PC	Mac devices	none
susceptible	evasion	none
real time	malicious links	none
seconds	administration overhead	none
Sandblast Network	AI-generated Threat Emulation verdicts	none
network	default	none
safe browsing	SandBlast Network ’ s zero day protection	none
cyberattacks	prevention-first strategy	none
wild	threats	none
SIEM	export SIEM	none
SandBlast network employs	users	none
technologies	vast network	none
features	auto-updated threat prevention engines	none
document	image sanitization solution	none
executables	documents	none
logs	• Quickly integrate logs	none
half	malware strains	none
malware families	Gain visibility	none
need	data center	none
practices	broad array	none
SOC Workflows	Supports Current SIEM	none
SOC	actionable intelligence	none
emails	SandBlast Network performs	none
anti-virus	firewalls	none
new	day	none
compliance stance	instant alerts	none
BEC	social engineering	none
R80 console	enterprise	none
policy updates	technology	none
SandBlast Threat	browsing workflows	none
MITRE	Gain visibility	none
incident response	expensive	none
regulatory mandates	practices	none
view logs	Reporting – Generate audit-ready reports	none
ThreatCloud	safe browsing	none
HVAC	enterprise IoT	none
executables	threats	none
blocks	practical prevention-first strategy	none
repository	real-time	none
emails	threat intelligence exists	none
millions	cloud	none
network perimeter	defense	none
e.g	perimeter	none
email	AI-generated Threat Emulation verdicts	none
SandBlast Network	current infrastructure	none
SandBlast Network	only zero-day protection solution	none
SandBlast Threat	users current email	none
several approaches	zero-day threats	none
IOCs	compromise	none
end	email	none
parameters	single conclusive	none
auto-updated threat prevention engines	practice policies	none
network	Gain visibility	none
protected assets	• Hundreds	none
Check Point Research Labs	• Top notch research	none
Reporting	Reporting – Generate audit-ready reports	none
Thanks	user activity	none
gold standard	efficient security management	none
network forensics	actionable intelligence	none
• Compliance – Easy-to-use	regulatory mandates	none
risk	Threat Extraction	none
Mac devices	file types	none
security intelligence—	real-time	none
AI heuristics	threats	none
datacenters	• Endpoint security	none
documents	broad range	none
HVAC	cameras	none
•	security gateways	none
web downloads	seconds	none
data center	e.g	none
malware families	zero-day phishing	none
email links	recipient details	none
• Conventional sandboxing solutions	evasion	none
text	email links	none
systems—for	network perimeter	none
half	fact	none
e.g	internal	none
exhaustive AI engines	data science	none
examines suspicious files	breakthrough AI engines	none
policy changes	actionable configuration guidelines	none
full visibility	practices	none
Natural Language Processing	Threat Emulation	none
servers	elevators	none
complete	analysis	none
sandboxes	practical prevention-first strategy	none
AI-generated Threat Emulation verdicts	user activity	none
combination	revolutionary AI engines	none
rule-based engines	runtime	none
malicious	benign	none
configure policies	internal	none
executables	broad range	none
SandBlast network employs	email	none
industry	s	none
incident response	detection-first strategy	none
configure policies	perimeter	none
Reporting	• Logging	none
NLP	Natural Language Processing	none
data science	SandBlast Network	none
organizations	practice policies	none
reporting	government-grade compliance	none
URL reputation	protection	none
cameras	such	none
log server	• Logging	none
zero-day phishing	zero-day malware	none
network perimeter	only line	none
integrate Logging	Reporting – Generate audit-ready reports	none
evasive attacks	nation states	none
networks	endpoints	none
evasive attacks	resistant	none
power	exhaustive AI engines	none
thanks	organizations	none
data center	network segment	none
real time	instant alerts	none
SandBlast network employs	web	none
users	mailbox	none
repository	security intelligence—	none
imperative	users	none
actionable configuration guidelines	real time	none
runtime	millions	none
SandBlast Network	numerous innovative	none
network	such critical limitations	none
several approaches	organizations	none
MITRE	zero-day phishing	none
Extraction	traditional	none
Thanks	email	none
relevant	specific network segment	none