vulnerability	Security wonks	none
authorization	authentication	none
backend	authentication	none
authorization	authentication	none
vulnerability	Security wonks	none
Security	backend	none
Security orthodoxy	Security	none
authentication	authorization	none
backend	authentication	none
database	authentication	none
database	backend	none
authorization	authentication	none
security researchers	vulnerability security researchers	none
authentication	security	none
authentication	authorization	none
database	data	none
secure products	secure code reviews	none