viruses	Internet	none
Data	Internet	none
viruses	Internet	none
Data	Internet	none
Data	User Data	none
personal data	Privacy Policy	none
contact information	payment information	none
privacy	password	none
emails	password	none
little information	contact information	none
password	information	none
password	password security meter	none
passwords	encryption technologies	none
sensitive personal information	Privacy policy	none
security	password	none
concern	contents	none
encryption	security	none
encryption	adequate password	none