defense	elevators	none	none
Network settings	business need	none	none
out-of-the-box	data center	concept	none
user activity	web	hypernym	none
prevention-first strategy	Check Point	hypernym	none
SandBlast Network	malicious links	hypernym	none
threat extraction	web downloads	hypernym	none
threat extraction	email	hypernym	none
threat extraction	evasion-resistant threat emulation	none	none
Threat Emulation	AI-based fraud protection	hyponym	none
threats	AI heuristics	hyponym	none
Natural Language Processing	malicious links	hypernym	none
malicious	Point ThreatCloud	none	none
enterprise users	documents	hypernym	none
network segment	practice profiles	none	none
features	background	none	none
users	threats	hypernym	none
millions	data science	none	none
SandBlast Threat Extraction	email attachments	hypernym	none
web	SandBlast network	hyponym	none
organizations	background	concept	none
features	policy updates	hyponym	none
revolutionary AI	non-AI engines	none	none
cameras	datacenters	hypernym	none
pre-emptive user protections	vast network	hypernym	none
Click-Time Protection	URL rewriting	none	none
dedicated servers	only line	hypernym	none
cyberattacks	social engineering	hyponym	hyponym
email	threats	hyponym	none
SandBlast Network	organizations	hypernym	none
vast network	non-AI engines	instance	none
SandBlast Network	email attachments	hypernym	none
OS-level inspection	threats	hypernym	none
data center	practice profiles	none	none
networks	AI-generated Threat Emulation verdicts	instance	none
parameters	Threat Emulation	hyponym	none
seconds	%	none	none
user activity	multiple attack vectors	hypernym	none
AI-based phishing protection	real time	hypernym	none
powerful zero-day protection	networks	hypernym	none
runtime	rich rule-based engines	instance	none
worldwide breaches3	BEC	hypernym	none
enterprise	government-grade compliance	instance	none
broad integration ecosystem	– Generate audit-ready reports	none	none
SandBlast Network	Threat Extraction	hypernym	none
security policies thanks	network segment	hypernym	none
Reporting	full visibility	hyponym	none
clean	email	hypernym	none
links	email	hypernym	none
out-of-the-box	e.g	hypernym	none
Threat Extraction	users	hypernym	none
Endpoint security	network perimeter	hypernym	none
malicious	suspicious files	hyponym	none
need	single click setup4	instance	none
web	AI-generated Threat Emulation verdicts	hyponym	none
Hundreds	protected assets	none	none
apprise	real time • Logging	hyponym	none
such	datacenters	hyponym	none
forensic reports	network forensics	hyponym	none
• Quickly integrate logs	actionable intelligence	hypernym	none
Threat Emulation	real time	hypernym	none
exhaustive AI engines	single conclusive AI-generated verdict	none	none
Easy-to-use	broad array	hypernym	none
zero-day protection	evasion-resistant threat emulation	instance	hyponym
INTUITIVE MANAGEMENT SandBlast Network	single click setup4	none	none
text	email	hypernym	none
single conclusive AI-generated verdict	data science	hypernym	none
multiple innovative technologies	links	hypernym	none
actionable configuration guidelines	policy changes	hypernym	none
administration overhead	browsing workflows	none	none
web downloads	users	hypernym	none
users	email	hypernym	none
emails	suspicious files	instance	none
thanks	auto-updated threat prevention engines	hyponym	none
guest network	configure policies	hypernym	none
network segment	INTUITIVE MANAGEMENT SandBlast Network	instance	none
power	threats	hypernym	none
SIEM	integrate view logs	none	none
new	social engineering attacks	hyponym	none
real time	malicious links	hyponym	none
powerful zero-day protection	email	hypernym	none
advanced email protections	users	hypernym	none
email links	text	hypernym	none
real time	URL reputation	none	none
zero-day protection	web downloads	hypernym	none
background	practical prevention-first strategy	none	none
email messages	mailbox	hypernym	none
organizations	social engineering	instance	none
Pre-emptive User	SandBlast network	none	none
Hundreds	networks	hypernym	none
e.g	single click setup4	none	none
world ’ s	record speed	none	none
Point ThreatCloud	benign	none	none
configure policies	network segment	hypernym	none
broad array	real time • Logging	none	none
SandBlast Network	real time	hypernym	none
networks	Sandblast Network	instance	none
HVAC	network perimeter	none	none
network	anti-virus	hypernym	none
business email compromise	%	hypernym	none
broad range	Mac devices	none	none
transparency Compliance	gold standard	none	none
• Quickly integrate logs	SOC infrastructure	concept	none
zero-day malware	zero-day phishing	instance	none
SandBlast Network	data science	hypernym	none
policies	organizations	instance	none
users	practical prevention-first strategy	none	none
single conclusive AI-generated verdict	threats	hypernym	none
log server	export	hypernym	none
•	SandBlast Network ’ s zero day protection	instance	none
SandBlast network	users	concept	none
risk	users	none	none
threat intelligence exists	files	hypernym	none
network forensics	actionable intelligence	hypernym	none
exhaustive AI engines	millions	hypernym	none
agility	business productivity	hypernym	none
need	INTUITIVE MANAGEMENT SandBlast Network	hyponym	none
risk	email messages	hypernym	none
Click-Time Protection	email	hypernym	none
multiple attack vectors	Thanks	hypernym	none
Natural Language Processing	links	hypernym	none
SandBlast Network SIEM platform •	actionable intelligence	concept	none
up-to-the-moment threat intelligence	non-AI engines	none	none
unacceptable delays	practical prevention-first strategy	none	none
emails	phishing	hyponym	none
actionable configuration guidelines	full visibility	instance	none
rich rule-based engines	threats	hypernym	none
configure policies	data center	hypernym	none
security policies thanks	internal network etc	hypernym	none
uninterrupted business flow	practical prevention-first strategy	none	none
new	zero-day phishing	hyponym	none
repository	ThreatCloud – Dynamic Threat Intelligence Repository	instance	none
perimeter	practice profiles	none	none
R80 console	government-grade compliance	none	none
block	file signatures	hyponym	none
SandBlast Network	AI-based fraud protection	none	none
real time	clicks	none	none
file types	documents	hypernym	none
• Build confidence	transparency Compliance	hyponym	none
powerful zero-day protection	multiple attack vectors	hypernym	none
Network settings	optimal network performance	hyponym	none
evasion techniques	network	hypernym	none
AI-based fraud protection	email	hypernym	none
zero-day protection	Mac devices	hypernym	none
URL rewriting	Threat Emulation	hypernym	none
damage	incident response	none	none
ThreatCloud	SandBlast Network ’ s zero day protection	none	none
emails	evasive attacks	instance	none
Natural Language Processing	URL reputation	hypernym	none
Click-Time Protection	URL reputation	none	none
SandBlast Network performs	resistant	concept	none
practices	real time • Logging	hyponym	none
rules-based engines	malicious links	hypernym	none
parameters	AI-based fraud protection	hyponym	none
zero-day protection	file types	hypernym	none
SandBlast Threat Extraction	document	hypernym	none
advantages	datacenters	hyponym	none
URL rewriting	URL reputation	hypernym	none
rules-based engines	NLP	hypernym	hyponym
file types	enterprise users	none	none
undiscovered cyber attacks	new	hypernym	none
malicious files	email	hypernym	none
safe browsing	SandBlast Network ’ s zero day protection	instance	hypernym
executables	broad range	none	none
world ’ s	proprietary technologies	none	none
cyberattacks	prevention-first strategy	instance	none
emails	Point ThreatCloud	instance	none
exhaustive AI engines	power	hypernym	none
need	practice profiles	none	none
view logs	integrate view logs	none	none
Pre-emptive User	threat extraction	none	none
compliance stance	practices	hypernym	none
data center	single click setup4	none	none
undiscovered cyber attacks	day	hypernym	none
policies	relevant	none	none
export	integrate view logs	none	none
web	networks	hypernym	none
network segment	single click setup4	instance	none
auto-updated threat prevention engines	background	hypernym	none
malicious content	emulation	hypernym	none
only line	Endpoint security	hyponym	none
web downloads	combination	hypernym	none
social engineering	imperative	hypernym	none
phishing	worldwide breaches3	instance	none
NLP	email	hypernym	none
parameters	Natural Language Processing	hyponym	none
single conclusive AI-generated verdict	millions	none	none
email messages	text	hypernym	none
background	practice policies	none	none
compliance stance	Reporting	hypernym	none
need	practice policies	none	none
breakthrough AI	benign	hypernym	none
• Build confidence	gold standard	none	none
– Generate audit-ready reports	SIEM	none	none
malicious content	SandBlast Threat Extraction	none	none
need	network segment	hypernym	none
worldwide breaches3	social engineering	concept	none
rules-based engines	real time	none	none
specific network segment	cost-effective zero-day protection strategy	instance	none
SandBlast Network	rules-based engines	none	none
exhaustive AI engines	rich rule-based engines	none	none
SandBlast Network	devastating attacks	none	none
internal network etc	data center	hypernym	none
guest network	INTUITIVE MANAGEMENT SandBlast Network	instance	none
log server	integrate view logs	instance	none
multiple innovative technologies	NLP	hypernym	none
emails	social engineering	hyponym	none
susceptible	evasion techniques	instance	none
AI-based fraud protection	URL reputation	hypernym	none
web downloads	seconds	none	none
indicators	IOCs	none	none
email attachments	recipient details	instance	none
executables	Mac devices	instance	none
sender	email	hypernym	none
AI-based fraud protection	end	hypernym	none
attack data	SandBlast Network ’ s zero day protection	instance	none
• Quickly integrate logs	forensic reports	hypernym	none
parameters	end	hypernym	none
power	relevant	none	none
parameters	email	hypernym	none
mailbox	users	hypernym	none
only line	network perimeter	hypernym	none
file types	threats	hypernym	none
SandBlast Threat Extraction	users	hypernym	none
efficient security management	Check Point	hypernym	none
emails	other email-based threats	hyponym	none
sender	threats	hypernym	none
zero-day protection	pre-emptively sanitizes email	instance	none
background	emulation	hypernym	none
out-of-the-box	internal network etc	hyponym	none
threats	documents	hypernym	none
actionable configuration guidelines	Easy-to-use	hypernym	none
bandwidth	organizations	hypernym	none
forensic reports	SandBlast Network SIEM platform •	none	none
AI-based phishing protection	links	hypernym	none
full visibility	regulatory mandates	none	none
real time	AI-based fraud protection	none	none
rules-based engines	end	hypernym	none
thanks	technology	hypernym	none
Reporting	policy changes	hyponym	none
background	SandBlast Threat Extraction	none	none
other email-based threats	worldwide breaches3	none	none
Threat Emulation	malicious links	hypernym	none
thanks	background	none	none
resistant	CPU-level emulation	instance	none
Click-Time Protection	SandBlast Network	none	none
auto-updated threat prevention engines	practice policies	hypernym	none
new	zero-day malware	hyponym	none
broad integration ecosystem	SMOOTH BUSINESS PRODUCTIVITY	none	none
Conventional sandboxing solutions	susceptible	hypernym	none
security teams	• Quickly integrate logs	none	none
threat extraction	combination	hypernym	none
network forensics	SOC infrastructure	hypernym	none
insights	Reporting Serving	none	none
only line	datacenters	hypernym	none
sender	aspects	instance	none
worldwide breaches3	business email compromise	none	none
safe browsing	•	hypernym	none
networks	protected assets	hyponym	none
elevators	enterprise IoT	hyponym	none
malicious files	reconstructed versions	hypernym	none
mailbox	email attachments	instance	none
numerous innovative	record speed	none	none
SandBlast Network	aspects	hypernym	none
evasive attacks	resistant	hypernym	none
single conclusive AI-generated verdict	power	hypernym	none
organizations	practice policies	none	none
reporting	• Compliance –	hypernym	none
security decisions	ThreatCloud – Dynamic Threat Intelligence Repository	instance	none
other email-based threats	BEC	hypernym	none
email attachments	text	instance	none
SandBlast Threat Extraction	%	hypernym	none
rules-based engines	AI-based fraud protection	none	hyponym
instant alerts	Reporting	hypernym	none
such	Endpoint security	hyponym	none
perimeter	single click setup4	none	none
executables	threats	hypernym	none
cameras	HVAC	instance	none
real time	end	hypernym	none
text	recipient details	none	none
SandBlast Network	recipient details	none	none
threats	data science	hyponym	none
• Quickly integrate logs	SandBlast Network offers	none	none
advantages	dedicated servers	hypernym	none
risk	text	instance	none
pre-emptive user protections	users	hypernym	none
revolutionary AI	up-to-the-moment threat intelligence	none	none
repository	security decisions	hyponym	none
malicious content	background	hypernym	none
Threat Emulation	links	hypernym	none
resistant	files	hypernym	none
defense	Endpoint security	hyponym	none
network forensics	SandBlast Network offers	instance	none
broad integration ecosystem	SIEM	none	none
evasive attacks	CPU-level emulation	none	none
emails	%	instance	none
safe browsing	attack data	hypernym	none
out-of-the-box	network segment	concept	none
other email-based threats	social engineering	hypernym	none
zero-day protection	’ s	hypernym	none
internal network etc	e.g	hypernym	none
end	URL reputation	hyponym	none
social engineering attacks	zero-day phishing	instance	none
OS-level inspection	documents	hypernym	none
only zero-day protection solution	SandBlast Network	hypernym	none
files	CPU-level emulation	instance	none
zero-day threats	network	hypernym	none
elevators	network perimeter	hyponym	none
SandBlast Network	cyberattacks	hypernym	none
threat extraction	pre-emptive user protections	hyponym	none
Pre-emptive User	users	hypernym	none
cloud	networks	instance	none
emails	nation states	none	none
specific network segment	relevant	hypernym	none
kicks	expensive	hypernym	none
SandBlast Network	numerous innovative	none	none
URL rewriting	multiple innovative technologies	none	none
users	traditional sandboxes	none	none
multiple innovative technologies	end	none	none
Click-Time Protection	links	hypernym	none
email messages	threats	hypernym	none
SandBlast Network	AI-based phishing protection	hyponym	none
actionable configuration guidelines	practices	hypernym	none
file types	broad range	none	none
malware strains	fact	instance	none
email	reconstructed versions	hyponym	none
clicks	end	hypernym	none
• Build confidence	efficient security management	hyponym	none
– Generate audit-ready reports	export	hypernym	none
cyberattacks	devastating attacks	instance	none
cloud	endpoints	concept	none
zero-day protection	enterprise users	concept	none
INTUITIVE MANAGEMENT SandBlast Network	perimeter	hypernym	none
dedicated servers	network perimeter	hypernym	none
repository	real-time	hyponym	none
advantages	cameras	hypernym	none
benign	suspicious files	hyponym	none
PC	threats	hypernym	none
threats	wild	hypernym	none
prevention-first strategy	Reporting Serving	none	none
OS-level inspection	broad range	hypernym	none
Pre-emptive User	advanced email protections	hyponym	none
real time	email	hypernym	none
organizations	zero-day threats	hyponym	none
SIEM	SandBlast Network offers	none	none
organizations	prevention-first strategy	none	none
guest network	practice profiles	hypernym	none
Gain visibility	MITRE	none	none
gold standard	prevention-first strategy	none	none
view logs	SMOOTH BUSINESS PRODUCTIVITY	none	none
email messages	email	hypernym	none
bandwidth	cost-effective zero-day protection strategy	instance	none
policy changes	broad array	none	none
out-of-the-box	guest network	concept	none
MITRE	zero-day phishing	instance	none
technology	practice policies	none	none
URL rewriting	NLP	hypernym	none
advantages	Endpoint security	hyponym	none
anti-virus	file signatures	hyponym	none
firewalls	network	hypernym	none
clean	malicious files	hyponym	none
Natural Language Processing	real time	hypernym	none
auto-updated threat prevention engines	features	hypernym	none
network	file signatures	hyponym	none
revolutionary AI engines	pre-emptively sanitizes email	none	none
elevators	Endpoint security	hyponym	hypernym
SandBlast network	advanced email protections	hyponym	none
malicious content	uninterrupted business flow	instance	none
need	internal network etc	instance	none
INTUITIVE MANAGEMENT SandBlast Network	e.g	hypernym	none
numerous innovative	proprietary technologies	hypernym	none
SandBlast Network	runtime	hypernym	none
malicious	anti-virus	hypernym	none
email links	email attachments	instance	none
email attachments	email	hypernym	none
phishing	business email compromise	instance	none
web downloads	SandBlast Threat Extraction	instance	none
guest network	e.g	hypernym	none
worldwide breaches3	%	hypernym	none
compliance stance	regulatory mandates	hyponym	none
administration overhead	email attachments	hypernym	none
actionable configuration guidelines	apprise	hypernym	none
dedicated servers	such	hypernym	none
email	URL reputation	hyponym	none
Reporting	real time • Logging	hyponym	none
web	multiple attack vectors	hyponym	none
parameters	SandBlast Network	instance	none
need	technology	hypernym	none
need	background	none	none
SandBlast Network	unknown ransomware	concept	none
clicks	malicious links	hyponym	none
email	recipient details	hyponym	none
millions	threats	hypernym	none
threat extraction	users	hypernym	none
links	malicious links	hyponym	none
SandBlast Network	email links	hypernym	none
current infrastructure	business productivity	none	none
security teams	SOC infrastructure	hypernym	none
users current email	browsing workflows	none	none
millions	protected assets	none	none
SandBlast Network performs	files	hypernym	none
thanks	features	hypernym	none
multiple innovative technologies	URL reputation	none	none
SandBlast Network	single conclusive AI-generated verdict	none	none
Click-Time Protection	parameters	hypernym	none
AI-based phishing protection	NLP	hypernym	none
emails	files	hypernym	none
email	malicious links	hyponym	none
dedicated servers	datacenters	hyponym	none
multiple innovative technologies	email	hypernym	none
enterprise users	threats	hypernym	none
only zero-day protection solution	business productivity	concept	none
web	Thanks	none	none
risk	recipient details	instance	none
breakthrough AI	suspicious files	hypernym	none
evasion-resistant threat emulation	’ s	hypernym	none
•	attack data	hyponym	none
networks	endpoints	hypernym	none
need	organizations	hypernym	none
Conventional sandboxing solutions	complete	hypernym	none
compliance stance	policy changes	hyponym	none
web downloads	email attachments	instance	none
compliance stance	real time • Logging	hyponym	none
OS-level inspection	executables	hypernym	none
elevators	datacenters	hypernym	none
indicators	compromise	hypernym	none
uninterrupted business flow	emulation	hypernym	none
efficient security management	Reporting Serving	hypernym	none
perimeter	e.g	none	none
full visibility	real time • Logging	none	none
other core security solutions	anti-virus	hypernym	none
NLP	URL reputation	hyponym	none
pre-emptive user protections	non-AI engines	none	none
malware families	zero-day phishing	instance	none
guest network	network segment	hypernym	none
need	perimeter	instance	none
file types	PC	hypernym	none
actionable intelligence	SOC infrastructure	hypernym	none
pre-emptive user protections	revolutionary AI	none	none
malicious content	practical prevention-first strategy	none	none
configure policies	e.g	hypernym	none
threat extraction	SandBlast network	none	none
policy changes	regulatory mandates	none	none
Reporting	apprise	hyponym	none
datacenters	network perimeter	hyponym	none
web	SandBlast Threat Extraction	hyponym	none
rules-based engines	AI-based phishing protection	none	none
SandBlast Network	links	hypernym	hyponym
parameters	data science	hyponym	none
fact	half	none	none
executables	documents	hypernym	none
cameras	such	none	none
security policies thanks	e.g	hypernym	none
SandBlast Network	Natural Language Processing	none	none
advantages	only line	hypernym	none
HVAC	enterprise IoT	hyponym	none
multiple innovative technologies	Natural Language Processing	none	none
parameters	rules-based engines	instance	none
zero-day protection	documents	hypernym	none
advanced forensics	• Accelerate investigation	hypernym	none
ThreatCloud	safe browsing	concept	none
parameters	clicks	hypernym	none
SandBlast Network	NLP	hypernym	none
worldwide breaches3	imperative	hypernym	none
executables	enterprise users	instance	none
only line	such	hypernym	none
zero-day protection	broad range	hypernym	none
AI-based fraud protection	clicks	hypernym	none
parameters	exhaustive AI engines	hyponym	none
gold standard	Check Point	none	none
COMMON NETWORK SECURITY APPROACHES HAVE LIMITATIONS	IOCs	hypernym	none
network	complete	instance	none
email links	sender	hypernym	none
threat intelligence exists	evasive attacks	none	none
malware families	Gain visibility	hypernym	none
compliance stance	full visibility	instance	none
actionable configuration guidelines	real time • Logging	hypernym	none
dedicated servers	elevators	hypernym	none
uninterrupted business flow	SandBlast Threat Extraction	none	none
PC	Mac devices	none	none
wild	half	none	none
pre-emptively sanitizes email	combination	hypernym	none
firewalls	anti-virus	hypernym	none
threat intelligence exists	nation states	none	none
internal network etc	single click setup4	none	none
gold standard	Reporting Serving	none	none
unacceptable delays	users	hypernym	none
auto-updated threat prevention engines	organizations	hypernym	none
email messages	recipient details	hyponym	none
multiple attack vectors	Sandblast Network	none	none
dedicated servers	enterprise IoT	instance	none
configure policies	practice profiles	none	none
security policies thanks	single click setup4	instance	none
threat extraction	pre-emptively sanitizes email	hyponym	none
susceptible	analysis	hypernym	none
text	threats	hyponym	none
network forensics	SandBlast Network SIEM platform •	instance	none
’ s	web downloads	none	none
SandBlast Network	power	hypernym	none
risk	sender	hypernym	none
instant alerts	real time • Logging	hyponym	none
web	users	hypernym	none
SandBlast Network SIEM platform •	SOC infrastructure	concept	none
AI-based phishing protection	clicks	hypernym	none
NLP	end	hypernym	none
users	malicious content	none	none
expensive	incident response	none	none
web	pre-emptive user protections	hyponym	none
broad integration ecosystem	integrate view logs	none	none
SandBlast Network	prevention-first strategy	none	none
email messages	aspects	hypernym	none
broad integration ecosystem	export	hypernym	none
email links	threats	hypernym	none
full visibility	policy changes	instance	none
threat intelligence exists	SandBlast Network performs	none	none
unknown ransomware	cyberattacks	hypernym	hyponym
emails	threat intelligence exists	hyponym	none
true prevention-first strategy	SandBlast Network	none	none
users	recipient details	instance	none
security decisions	security intelligence—	hypernym	none
cameras	defense	hypernym	none
administration overhead	%	hypernym	none
SandBlast Network	users	concept	none
nation states	CPU-level emulation	none	none
file types	Mac devices	none	none
Natural Language Processing	clicks	hypernym	none
policy updates	practice policies	none	none
Threat Emulation	rules-based engines	instance	hyponym
sender	Threat Extraction	hyponym	none
SIEM	actionable intelligence	hyponym	none
SOC Workflows	Supports Current SIEM	instance	none
parameters	power	hypernym	none
instant alerts	full visibility	none	none
SandBlast Threat Extraction	emulation	hypernym	none
industry	threat intelligence feeds AI-Generated Threat Emulation Verdicts	hyponym	none
specific network segment	bandwidth	hypernym	none
policy updates	background	hypernym	none
security teams	SIEM	none	none
URL rewriting	malicious links	hypernym	none
world ’ s	malware catch rate	none	none
AV solutions	fact	hypernym	none
web downloads	document	hypernym	none
clean	reconstructed versions	none	none
sender	users	instance	none
threat intelligence exists	resistant	hypernym	none
Conventional sandboxing solutions	evasion techniques	hypernym	none
Threat Extraction	text	hypernym	none
SandBlast network	email	hypernym	none
threat extraction	advanced email protections	instance	none
social engineering	%	hypernym	none
security policies thanks	need	hypernym	none
aspects	mailbox	hypernym	none
parameters	URL reputation	hyponym	none
network perimeter	enterprise IoT	instance	none
need	features	none	none
SandBlast Network	Enforce private threat intelligence	hyponym	none
malware catch rate	record speed	hypernym	none
risk	email	hypernym	none
day	social engineering attacks	hyponym	none
URL rewriting	parameters	hypernym	none
unacceptable delays	uninterrupted business flow	none	none
email messages	email attachments	hyponym	none
SandBlast Threat Extraction	administration overhead	none	none
sender	recipient details	none	none
parameters	AI-based phishing protection	hyponym	none
network segment	e.g	hypernym	none
policies	bandwidth	hyponym	none
evasion-resistant threat emulation	combination	hypernym	none
instant alerts	broad array	hypernym	none
only line	elevators	none	none
parameters	links	hypernym	none
unknown ransomware	prevention-first strategy	instance	none
seconds	email attachments	none	none
NLP	real time	hypernym	none
evasion techniques	default	hypernym	none
cameras	network perimeter	instance	none
transparency Compliance	efficient security management	hyponym	none
pre-emptive user protections	up-to-the-moment threat intelligence	none	none
thanks	practice policies	none	none
Endpoint security	enterprise IoT	hypernym	none
SandBlast Network	exhaustive AI engines	none	none
day	zero-day phishing	hyponym	none
organizations	technology	hypernym	none
efficient security management	prevention-first strategy	hypernym	none
enterprise	• Compliance –	hypernym	none
Threat Emulation	URL reputation	hypernym	none
uninterrupted business flow	background	hypernym	none
NLP	links	hypernym	none
AI-based phishing protection	email	hypernym	none
advanced forensics	time-to-remediation	hypernym	none
COMMON NETWORK SECURITY APPROACHES HAVE LIMITATIONS	compromise	hypernym	none
mailbox	email	hypernym	none
e.g	practice profiles	none	none
emulation	practical prevention-first strategy	instance	none
evasion techniques	analysis	hypernym	none
parameters	multiple innovative technologies	hyponym	none
Pre-emptive User	pre-emptive user protections	none	none
features	technology	hypernym	none
other core security solutions	firewalls	hypernym	none
risk	threats	hypernym	none
SandBlast Network	text	hypernym	none
end	malicious links	hypernym	none
malware catch rate	proprietary technologies	hypernym	none
thanks	organizations	none	none
security teams	SandBlast Network SIEM platform •	instance	none
true prevention-first strategy	business productivity	none	none
threat extraction	revolutionary AI engines	none	none
other core security solutions	network	hypernym	none
phishing	social engineering	instance	none
current infrastructure	policy configuration	hypernym	none
evasive attacks	SandBlast Network performs	none	none
configure policies	single click setup4	instance	none
organizations	cost-effective zero-day protection strategy	instance	none
SandBlast Network	business productivity	none	none
day	new	none	none
URL rewriting	real time	hypernym	none
transparency Compliance	insights	hypernym	none
networks	email	hypernym	none
detection-first strategy	incident response	hypernym	none
URL rewriting	AI-based fraud protection	none	none
detection-first strategy	expensive	hypernym	none
powerful zero-day protection	user activity	hypernym	none
technology	policy updates	hyponym	none
aspects	users	none	none
browsing workflows	%	hypernym	none
social engineering	business email compromise	instance	none
URL rewriting	Natural Language Processing	hyponym	none
security policies thanks	configure policies	hypernym	none
guest network	perimeter	hypernym	none
multiple innovative technologies	AI-based fraud protection	none	none
auto-updated threat prevention engines	policy updates	hypernym	none
URL rewriting	rules-based engines	none	hyponym
security policies thanks	guest network	hypernym	none
advantages	elevators	hypernym	none
users current email	%	hypernym	none
out-of-the-box	configure policies	none	none
undiscovered cyber attacks	zero-day phishing	instance	hyponym
current infrastructure	SandBlast Network	instance	none
user activity	email	hypernym	none
Natural Language Processing	AI-based fraud protection	hyponym	none
network	malware	hypernym	none
need	e.g	none	none
Click-Time Protection	Threat Emulation	none	none
links	end	hypernym	none
unacceptable delays	malicious content	hypernym	none
cloud	protected assets	none	none
HVAC	Endpoint security	hyponym	hypernym
parameters	NLP	hyponym	none
block	other core security solutions	hyponym	none
Hundreds	endpoints	hypernym	none
unacceptable delays	SandBlast Threat Extraction	instance	none
emails	SandBlast Network performs	instance	none
block	network	hypernym	none
SIEM	export	concept	none
multiple innovative technologies	clicks	hypernym	none
web	email	hypernym	none
organizations	policy updates	instance	none
detection-first strategy	damage	hypernym	none
security decisions	real-time	hypernym	none
email links	aspects	hypernym	none
need	configure policies	none	none
forensic reports	SIEM	none	none
email	document	hypernym	none
Threat Extraction	email	hypernym	none
log server	SIEM	instance	none
zero-day protection	threat extraction	hypernym	hyponym
emails	worldwide breaches3	instance	none
URL rewriting	clicks	hypernym	none
clicks	email	hypernym	none
parameters	threats	none	none
network segment	data center	hypernym	none
broad range	threats	hypernym	none
zero-day threats	such critical limitations	none	none
AI heuristics	wild	hypernym	none
configure policies	perimeter	hypernym	none
only zero-day protection solution	true prevention-first strategy	hypernym	none
cyberattacks	organizations	instance	none
aspects	email attachments	hypernym	none
rules-based engines	email	hypernym	none
URL rewriting	links	hypernym	none
such	enterprise IoT	hyponym	none
vast network	up-to-the-moment threat intelligence	instance	none
business productivity	policy configuration	hypernym	none
unacceptable delays	traditional sandboxes	hypernym	none
SIEM	SandBlast Network SIEM platform •	none	none
• Build confidence	prevention-first strategy	none	none
practices	broad array	hyponym	none
broad array	apprise	hypernym	none
Conventional sandboxing solutions	analysis	hypernym	none
out-of-the-box	single click setup4	none	none
malicious files	SandBlast Threat Extraction	instance	none
rules-based engines	clicks	hypernym	none
Threat Emulation	Natural Language Processing	hyponym	none
imperative	%	hypernym	none
SandBlast Threat Extraction	browsing workflows	none	none
AI-based fraud protection	malicious links	hypernym	none
record speed	proprietary technologies	none	none
view logs	export	hypernym	none
Thanks	email	hypernym	none
AI-based phishing protection	URL reputation	hypernym	none
Threat Extraction	email attachments	hypernym	none
multiple innovative technologies	rules-based engines	instance	none
internal network etc	INTUITIVE MANAGEMENT SandBlast Network	none	none
security intelligence—	real-time	hypernym	none
rich rule-based engines	single conclusive AI-generated verdict	none	none
SandBlast Network	social engineering	concept	none
kicks	damage	none	none
email	AI-generated Threat Emulation verdicts	instance	none
emails	breakthrough AI	instance	none
users current email	email attachments	hypernym	none
emulation	traditional sandboxes	hypernym	none
pre-emptive user protections	SandBlast network	none	none
evasive attacks	nation states	none	none
email links	Threat Extraction	hyponym	none
thanks	policy updates	hyponym	none
malware catch rate	numerous innovative	hypernym	none
Easy-to-use	full visibility	none	none
malware	zero-day phishing	instance	none
runtime	data science	hyponym	none
kicks	detection-first strategy	none	none
day	zero-day malware	hyponym	none
dedicated servers	cameras	hypernym	none
risk	email attachments	hypernym	none
configure policies	internal network etc	hyponym	none
administration overhead	users	hypernym	none
browsing workflows	users	hypernym	none
susceptible	default	hypernym	none
endpoints	protected assets	hyponym	none
links	real time	none	none
revolutionary AI engines	evasion-resistant threat emulation	none	none
kicks	incident response	none	none
users	uninterrupted business flow	instance	none
power	millions	hypernym	none
policies	specific network segment	hypernym	none
malicious	network	hypernym	none
MITRE	malware	concept	none
image sanitization solution	industry	hypernym	none
INTUITIVE MANAGEMENT SandBlast Network	data center	hypernym	none
other email-based threats	business email compromise	none	none
multiple innovative technologies	real time	none	none
AI-based phishing protection	end	hypernym	none
multiple innovative technologies	AI-based phishing protection	none	none
broad integration ecosystem	view logs	hypernym	none
BEC	business email compromise	none	none
risk	Threat Extraction	hyponym	none
Click-Time Protection	multiple innovative technologies	none	none
Thanks	Sandblast Network	instance	none
Sandblast Network	AI-generated Threat Emulation verdicts	none	none
bandwidth	power	hypernym	none
• Build confidence	insights	hypernym	none
out-of-the-box	security policies thanks	hyponym	none
PC	broad range	none	none
network	default	instance	none
web	reconstructed versions	none	none
practice profiles	single click setup4	none	none
out-of-the-box	practice profiles	none	none
files	nation states	none	none
NLP	AI-based fraud protection	hyponym	none
• Build confidence	Check Point	hypernym	none
log server	view logs	hyponym	none
export	SMOOTH BUSINESS PRODUCTIVITY	none	none
multiple attack vectors	AI-generated Threat Emulation verdicts	none	none
organizations	several approaches	hypernym	none
SandBlast Threat Extraction	seconds	hypernym	none
R80 console	reporting	hypernym	none
AI-based phishing protection	Natural Language Processing	hypernym	none
email links	email messages	hypernym	none
indicators	COMMON NETWORK SECURITY APPROACHES HAVE LIMITATIONS	hyponym	none
web downloads	image sanitization solution	hyponym	none
block	anti-virus	hypernym	none
malicious content	traditional sandboxes	none	none
other email-based threats	imperative	hypernym	none
threat extraction	web	hypernym	none
email links	users	instance	none
– Generate audit-ready reports	SMOOTH BUSINESS PRODUCTIVITY	none	none
practices	apprise	hypernym	none
OS-level inspection	Mac devices	none	none
web downloads	users current email	hyponym	none
threat extraction	’ s	hypernym	none
SandBlast Network	record speed	none	none
revolutionary AI engines	’ s	hypernym	none
Click-Time Protection	real time	none	none
enterprise users	Mac devices	none	none
actionable configuration guidelines	compliance stance	hypernym	none
powerful zero-day protection	Sandblast Network	hypernym	none
Sandblast Network	email	hypernym	none
AV solutions	wild	hypernym	none
regulatory mandates	real time • Logging	hyponym	none
evasive attacks	files	hypernym	none
other email-based threats	%	hypernym	none
millions	networks	concept	none
uninterrupted business flow	traditional sandboxes	instance	none
evasion techniques	complete	hypernym	none
emails	malicious	hyponym	none
Gain visibility	malware	hypernym	none
Reporting Serving	Check Point	hypernym	none
email	industry	hypernym	none
risk	aspects	hypernym	none
R80 console	• Compliance –	hypernym	none
web downloads	browsing workflows	hyponym	none
full visibility	apprise	hypernym	none
networks	multiple attack vectors	instance	none
features	practice policies	none	none
network segment	internal network etc	hypernym	none
forensic reports	SandBlast Network offers	none	none
reporting	enterprise	hypernym	none
users current email	users	hypernym	none
user activity	networks	hypernym	none
links	AI-based fraud protection	hyponym	none
broad range	documents	hypernym	none
compliance stance	apprise	hypernym	none
social engineering	devastating attacks	hypernym	none
unacceptable delays	background	hypernym	none
aspects	text	instance	none
Easy-to-use	apprise	hypernym	none
network	zero-day phishing	instance	none
parameters	runtime	hypernym	none
rules-based engines	Natural Language Processing	none	hyponym
zero-day protection	revolutionary AI engines	instance	hypernym
business need	optimal network performance	none	none
Reporting	broad array	hyponym	none
users	%	none	none
rules-based engines	links	hypernym	none
Threat Emulation	end	hypernym	none
dedicated servers	defense	hypernym	none
unknown ransomware	organizations	hypernym	none
end	email	hypernym	none
parameters	real time	none	none
malware families	MITRE	hypernym	none
compliance stance	Easy-to-use	instance	none
view logs	SIEM	none	none
AV solutions	half	hypernym	none
only line	HVAC	none	none
’ s	combination	none	none
Threat Emulation	AI-based phishing protection	hyponym	none
runtime	threats	hyponym	none
forensic reports	SOC infrastructure	none	none
Threat Emulation	multiple innovative technologies	hypernym	none
web	advanced email protections	hyponym	none
NLP	clicks	instance	none
web downloads	administration overhead	hyponym	none
millions	endpoints	none	none
URL rewriting	email	hypernym	none
actionable configuration guidelines	regulatory mandates	none	none
rich rule-based engines	data science	hypernym	none
seconds	users	none	none
multiple innovative technologies	SandBlast Network	none	none
integrate view logs	SMOOTH BUSINESS PRODUCTIVITY	none	none
web downloads	email	hypernym	none
emails	BEC	instance	none
clean	SandBlast Threat Extraction	none	none
zero-day protection	threats	hypernym	none
IOCs	compromise	hypernym	none
web downloads	industry	hypernym	none
advantages	enterprise IoT	hyponym	none
out-of-the-box	INTUITIVE MANAGEMENT SandBlast Network	instance	none
bandwidth	relevant	instance	none
efficient security management	insights	hypernym	none
rich rule-based engines	power	hypernym	none
HVAC	such	hypernym	none
network	such critical limitations	instance	none
rules-based engines	URL reputation	none	hyponym
clean	web	hypernym	none
broad integration ecosystem	log server	hypernym	none
powerful zero-day protection	web	hypernym	none
undiscovered cyber attacks	zero-day malware	instance	hyponym
Threat Emulation	clicks	hypernym	none
agility	policy configuration	hypernym	none
malware families	malware	hypernym	hypernym
mailbox	text	hypernym	none
sender	email attachments	instance	none
security teams	SandBlast Network offers	instance	none
background	traditional sandboxes	none	none
need	data center	none	none
evasion-resistant threat emulation	pre-emptively sanitizes email	instance	none
network forensics	SIEM	hypernym	none
web	Sandblast Network	hyponym	none
out-of-the-box	need	hypernym	none
ThreatCloud	•	concept	none
Hundreds	cloud	none	none
Click-Time Protection	Natural Language Processing	none	none
out-of-the-box	perimeter	hypernym	none
malware strains	wild	hypernym	none
HVAC	defense	hypernym	none
powerful zero-day protection	AI-generated Threat Emulation verdicts	instance	none
Mac devices	documents	hypernym	none
repository	security intelligence—	hyponym	none
multiple attack vectors	email	hypernym	none
web downloads	%	hypernym	none
SandBlast Threat Extraction	industry	hypernym	none
malicious	breakthrough AI	instance	none
emails	resistant	hyponym	none
Natural Language Processing	NLP	hypernym	none
SandBlast Threat Extraction	traditional sandboxes	none	none
users current email	administration overhead	none	none
links	clicks	none	none
parameters	millions	hypernym	none
organizations	features	hypernym	none
administration overhead	seconds	hypernym	none
SOC infrastructure	SandBlast Network offers	instance	none
view logs	– Generate audit-ready reports	none	none
unacceptable delays	emulation	hypernym	none
SandBlast Network	email messages	hypernym	none
dedicated servers	HVAC	hypernym	none
Easy-to-use	policy changes	none	none
email links	mailbox	hypernym	none
AI-based phishing protection	malicious links	hypernym	none
email attachments	browsing workflows	instance	none
email messages	users	hypernym	none
cameras	Endpoint security	hyponym	hypernym
evasion-resistant threat emulation	web downloads	hypernym	none
SandBlast Threat Extraction	reconstructed versions	none	none
insights	Check Point	none	none
full visibility	practices	hypernym	none
SandBlast Network	rich rule-based engines	none	none
full visibility	broad array	hypernym	none
cloud	millions	none	none
• Quickly integrate logs	SIEM	none	none
actionable configuration guidelines	instant alerts	hypernym	none
security policies thanks	data center	hypernym	none
only line	defense	concept	none
users current email	seconds	hypernym	none
technology	background	none	none
SandBlast Network performs	CPU-level emulation	none	none
specific network segment	organizations	hypernym	none
current infrastructure	agility	hypernym	none
social engineering	BEC	none	none
vast network	revolutionary AI	hypernym	none
susceptible	network	hypernym	none
such	network perimeter	hyponym	none
users	emulation	instance	none
exhaustive AI engines	data science	hypernym	none
email messages	Threat Extraction	hyponym	none
defense	network perimeter	hypernym	none
pre-emptive user protections	advanced email protections	none	none
instant alerts	policy changes	hypernym	none
expensive	damage	hypernym	none
SandBlast Network	sender	hypernym	none
only line	enterprise IoT	none	none
R80 console	enterprise	concept	none
web downloads	pre-emptively sanitizes email	instance	none
runtime	single conclusive AI-generated verdict	instance	none
security intelligence—	ThreatCloud – Dynamic Threat Intelligence Repository	instance	none
gold standard	insights	hypernym	none
email attachments	threats	hypernym	none
Thanks	AI-generated Threat Emulation verdicts	none	none
OS-level inspection	PC	hypernym	none
phishing	%	hypernym	none
network segment	perimeter	hypernym	none
Click-Time Protection	malicious links	hypernym	none
users	SandBlast Threat Extraction	instance	none
• Build confidence	Reporting Serving	none	none
users	background	none	none
transparency Compliance	Reporting Serving	hyponym	none
email links	email	hypernym	none
unknown ransomware	devastating attacks	instance	none
policy changes	apprise	hypernym	none
complete	analysis	hypernym	none
users current email	SandBlast Threat Extraction	none	none
SandBlast Threat Extraction	practical prevention-first strategy	none	none
perimeter	data center	hyponym	none
SandBlast Network	proprietary technologies	hypernym	none
block	malicious	hypernym	none
guest network	data center	hypernym	none
enterprise users	broad range	none	none
threats	Mac devices	none	none
image sanitization solution	document	hypernym	none
advantages	defense	hypernym	none
mailbox	threats	hypernym	none
Natural Language Processing	email	hypernym	none
Threat Emulation	email	hypernym	none
Threat Extraction	recipient details	none	none
devastating attacks	prevention-first strategy	none	none
threats	recipient details	hyponym	none
text	users	instance	none
Hundreds	millions	none	none
broad array	regulatory mandates	instance	none
defense	such	none	none
multiple innovative technologies	malicious links	hypernym	none
Reporting	practices	hypernym	none
email messages	sender	hypernym	none
security teams	actionable intelligence	hypernym	none
Easy-to-use	regulatory mandates	none	none
Click-Time Protection	NLP	hypernym	none
guest network	single click setup4	instance	none
networks	Thanks	instance	none
world ’ s	numerous innovative	none	none
apprise	regulatory mandates	hyponym	none
complete	default	none	none
undiscovered cyber attacks	social engineering attacks	hypernym	hyponym
elevators	such	hypernym	none
emails	business email compromise	instance	none
• Quickly integrate logs	SandBlast Network SIEM platform •	none	none
reporting	government-grade compliance	instance	none
OS-level inspection	enterprise users	none	none
malicious	file signatures	hyponym	none
email links	recipient details	hypernym	none
actionable configuration guidelines	Reporting	hypernym	none
zero-day protection	executables	hypernym	none
SandBlast Network	email	hypernym	none
Check Point Research Labs	Top notch research	none	none
user activity	Sandblast Network	instance	none
zero-day threats	several approaches	hypernym	none
advantages	network perimeter	hyponym	none
sender	mailbox	instance	none
Natural Language Processing	end	hypernym	none
fact	wild	none	none
SandBlast Network	clicks	hypernym	none
Point ThreatCloud	suspicious files	none	none
effective security	Network settings	hypernym	none
Threat Extraction	mailbox	hypernym	none
data center	e.g	hypernym	none
• Quickly integrate logs	network forensics	hypernym	none
SandBlast Network	risk	hypernym	none
phishing	other email-based threats	hyponym	none
Gain visibility	network	hypernym	none
log server	– Generate audit-ready reports	instance	none
SIEM	SOC infrastructure	none	none
PC	documents	none	none
default	analysis	hypernym	none
links	URL reputation	hyponym	none
Easy-to-use	real time • Logging	hyponym	none
parameters	rich rule-based engines	hyponym	none
user activity	Thanks	none	none
phishing	BEC	instance	none
Click-Time Protection	AI-based phishing protection	none	none
security teams	network forensics	hyponym	none
• Accelerate investigation	time-to-remediation	hypernym	none
clicks	URL reputation	none	none
actionable configuration guidelines	broad array	hypernym	none
advanced email protections	email	hypernym	none
defense	datacenters	hypernym	none
world	Check Point SandBlast Network	none	none
prevention-first strategy	insights	hypernym	none
instant alerts	Easy-to-use	none	none
malicious	other core security solutions	hyponym	none
Click-Time Protection	AI-based fraud protection	none	none
Click-Time Protection	clicks	hypernym	none
unknown ransomware	social engineering	hypernym	none
rich rule-based engines	millions	hypernym	none
web	malicious files	hypernym	none
OS-level inspection	zero-day protection	hyponym	none
seconds	browsing workflows	none	none
MITRE	network	concept	none
SandBlast Network	malware catch rate	none	none
relevant	cost-effective zero-day protection strategy	hyponym	none
cameras	elevators	hypernym	none
URL rewriting	SandBlast Network	none	none
exhaustive AI engines	threats	hypernym	none
user activity	AI-generated Threat Emulation verdicts	hyponym	none
aspects	threats	none	none
internal network etc	perimeter	hypernym	none
advantages	HVAC	none	none
traditional sandboxes	practical prevention-first strategy	none	none
file types	executables	hypernym	none
emails	CPU-level emulation	instance	none
effective security	optimal network performance	hypernym	none
email links	risk	hypernym	none
SandBlast Network	policy configuration	hypernym	none
efficient security management	gold standard	hypernym	none
cameras	enterprise IoT	instance	none
Easy-to-use	practices	hypernym	none
SandBlast Network	end	hypernym	none
guest network	internal network etc	hypernym	none
’ s	pre-emptively sanitizes email	hyponym	none
exhaustive AI engines	runtime	hypernym	none
configure policies	INTUITIVE MANAGEMENT SandBlast Network	instance	none
security teams	forensic reports	hyponym	none
log server	SMOOTH BUSINESS PRODUCTIVITY	instance	none
effective security	business need	hypernym	none
pre-emptive user protections	email	hypernym	none
Threat Extraction	threats	hypernym	none
organizations	devastating attacks	hypernym	none
Threat Emulation	SandBlast Network	instance	none
Pre-emptive User	web	hypernym	none
SandBlast Network	threats	hypernym	none
SandBlast Network	agility	hypernym	none
HVAC	datacenters	hyponym	none
ATT	CK techniques	instance	none
document	industry	none	none
datacenters	enterprise IoT	instance	none
aspects	email	hypernym	none
Click-Time Protection	rules-based engines	none	concept
phishing	imperative	hypernym	none
Pre-emptive User	email	hypernym	none
security policies thanks	INTUITIVE MANAGEMENT SandBlast Network	instance	none
security policies thanks	practice profiles	hypernym	none
URL rewriting	end	hypernym	none
mailbox	recipient details	instance	none
Reporting	regulatory mandates	hyponym	none
Reporting	Easy-to-use	instance	none
government-grade compliance	• Compliance –	hypernym	none
social engineering	prevention-first strategy	none	none
malicious	benign	hypernym	none
security policies thanks	perimeter	hypernym	none
policies	power	hypernym	none
SandBlast Network	world ’ s	hypernym	none
transparency Compliance	Check Point	hypernym	none
revolutionary AI engines	web downloads	hypernym	none
URL reputation	malicious links	hypernym	none
instant alerts	practices	hypernym	none
parameters	single conclusive AI-generated verdict	instance	none
compliance stance	instant alerts	hyponym	none
runtime	power	hypernym	none
sender	text	hypernym	none
SandBlast Threat Extraction	email	hypernym	none
susceptible	complete	hypernym	none
auto-updated threat prevention engines	technology	hypernym	none
emails	benign	instance	none
actionable intelligence	SandBlast Network offers	instance	none
policy changes	practices	hypernym	none
need	policy updates	concept	none
practices	regulatory mandates	hyponym	none
Conventional sandboxing solutions	network	hypernym	none
breakthrough AI	Point ThreatCloud	none	none
specific network segment	power	hypernym	none
image sanitization solution	email	hypernym	none
revolutionary AI engines	combination	hypernym	none
guest network	need	instance	none
emails	imperative	hypernym	none
image sanitization solution	SandBlast Threat Extraction	none	none
Conventional sandboxing solutions	default	hypernym	none
Endpoint security	datacenters	hypernym	none
aspects	recipient details	instance	none
need	thanks	hypernym	none
BEC	%	none	none
imperative	BEC	none	none
NLP	malicious links	hyponym	none
runtime	millions	hypernym	none
email attachments	users	instance	none
dedicated servers	Endpoint security	hyponym	none
internal network etc	practice profiles	hypernym	none
malware strains	half	hypernym	none
parameters	malicious links	hyponym	none
URL rewriting	AI-based phishing protection	hyponym	none
INTUITIVE MANAGEMENT SandBlast Network	practice profiles	hypernym	none
need	auto-updated threat prevention engines	hyponym	none
instant alerts	regulatory mandates	none	none
zero-day protection	combination	hypernym	none
SandBlast Network	millions	hypernym	none
AV solutions	malware strains	concept	none
firewalls	file signatures	hyponym	none
risk	mailbox	hypernym	none
PC	enterprise users	none	none
threat intelligence exists	CPU-level emulation	none	none
SandBlast Network	mailbox	hypernym	none
real-time	ThreatCloud – Dynamic Threat Intelligence Repository	instance	none
compliance stance	broad array	hyponym	none
AI-based phishing protection	AI-based fraud protection	hyponym	none
OS-level inspection	file types	hypernym	none
defense	enterprise IoT	none	none
instant alerts	apprise	hypernym	none
social engineering attacks	zero-day malware	instance	none
forensic reports	actionable intelligence	hyponym	none
transparency Compliance	prevention-first strategy	instance	none
other core security solutions	file signatures	hypernym	none
SandBlast Network	URL reputation	hypernym	none
power	data science	hyponym	none
SandBlast Network SIEM platform •	SandBlast Network offers	none	none
block	firewalls	hypernym	none
HVAC	elevators	none	none
Threat Emulation	NLP	hypernym	none
email attachments	%	hypernym	none
Click-Time Protection	end	hypernym	none
malicious	firewalls	hypernym	none
malware families	network	hypernym	none
imperative	business email compromise	hyponym	none
zero-day protection	PC	hypernym	none
network	analysis	hypernym	none
policy changes	real time • Logging	none	none
aspects	Threat Extraction	none	none
SandBlast Network performs	nation states	none	none
advantages	such	none	none
ThreatCloud	attack data	concept	none
Gain visibility	zero-day phishing	instance	none
organizations	relevant	none	none
organizations	power	hypernym	none
executables	PC	concept	none
SIEM	SMOOTH BUSINESS PRODUCTIVITY	none	none
– Generate audit-ready reports	integrate view logs	none	none
powerful zero-day protection	Thanks	hypernym	none
power	cost-effective zero-day protection strategy	hyponym	none
resistant	nation states	none	none
policies	cost-effective zero-day protection strategy	instance	none
cameras	only line	none	none